{"index.md":"9febb0ba","guide_interface_network.md":"4611a9c7","zh_guide_interface_network.md":"52e76481","zh_guide_api_edit.md":"d9ece807","zh.md":"60884f53","zh_guide_api_keyboards.md":"cac73fc7","ru_index.md":"ae143e06","guide_api_command.md":"72523038","guide_installation.md":"e2babda1","zh_guide_api_inline-mode.md":"ce090bac","ru_guide_overview.md":"e83468da","zh_guide_api_send.md":"6998233e","guide_interface_json.md":"32a62dcd","ru_guide_interface_json.md":"a29b0168","zh_guide_migration_t-to-te.md":"d2e99abd","zh_guide_api_middleware.md":"a6e59271","zh_guide_index.md":"0d0469bc","zh_guide_installation.md":"8292001f","guide_api_edit.md":"78e26bbc","guide_interface_logger.md":"729eca27","guide_api_middleware.md":"902ce255","ru_guide_api_edit.md":"64dc559a","guide_migration_v1-to-v2.md":"a15afcbd","ru_guide_api_middleware.md":"4869fae7","ru_guide_index.md":"89548f89","ru_guide_migration_v1-to-v2.md":"5f128e5a","zh_guide_api_command.md":"ad0efe00","zh_guide_api_file.md":"8d93094f","zh_guide_api_context.md":"ccd6d779","ru.md":"a590239f","zh_guide_migration_v1-to-v2.md":"8585e5ed","guide_migration_t-to-te.md":"2710cb47","zh_guide_getting-started.md":"dc5e74e8","ru_guide_api_context.md":"2779130c","ru_guide_api_send.md":"f4c576ff","guide_api_file.md":"8a27b377","guide_api_inline-mode.md":"3d87f46b","guide_index.md":"e164ece4","guide.md":"6b13d38f","ru_guide_interface_network.md":"d6106905","ru_guide_interface_poller.md":"550ff45b","zh_guide_interface_logger.md":"669c130c","zh_index.md":"17de4c7e","ru_guide_migration_t-to-te.md":"17714afe","guide_api_send.md":"b40399d9","guide_overview.md":"488d60be","ru_guide_api_file.md":"40bf161e","zh_guide_interface_json.md":"23c32cd2","guide_api_keyboards.md":"9a9046b6","ru_guide_installation.md":"a388331b","guide_api_context.md":"4e362a5c","zh_guide_interface_poller.md":"4c8f137e","guide_interface_poller.md":"3128fee9","zh_guide_overview.md":"78aa940b","ru_guide_getting-started.md":"59304c72","ru_guide_api_keyboards.md":"9125d369","ru_guide_api_command.md":"f40853f1","ru_guide_api_inline-mode.md":"019cc420","ru_guide_interface_logger.md":"b68b5519","guide_getting-started.md":"30c56966"}
